,City,Country,Lat,Lng,Max Temp,Humidity,Cloudiness,Wind Speed,Current Description
0,Cidreira,BR,-30.1811,-50.2056,78.76,69,1,18.14,clear sky
1,Victoria,HK,22.2855,114.1577,65.25,88,100,8.01,overcast clouds
2,Mar Del Plata,AR,-38.0023,-57.5575,64.42,68,40,18.41,scattered clouds
3,Puerto Ayora,EC,-0.7393,-90.3518,87.76,84,100,4.0,overcast clouds
4,Nikolskoye,RU,59.7035,30.7861,34.72,96,100,12.12,snow
5,Polson,US,47.6936,-114.1632,41.59,68,13,1.57,few clouds
6,Mataura,NZ,-46.1927,168.8643,50.49,92,92,2.82,overcast clouds
7,Jamestown,US,42.097,-79.2353,31.32,63,100,9.22,overcast clouds
8,Saint George,US,37.1041,-113.5841,64.87,20,0,3.44,clear sky
9,Hilo,US,19.7297,-155.09,77.11,62,20,4.61,few clouds
10,Dingle,PH,10.9995,122.6711,74.43,92,36,8.39,scattered clouds
11,Portland,US,45.5234,-122.6762,60.78,37,0,13.0,clear sky
12,Esperance,AU,-33.8667,121.9,63.95,63,100,10.6,overcast clouds
13,Calabozo,VE,8.9242,-67.4293,96.44,28,48,8.86,scattered clouds
14,Cape Town,ZA,-33.9258,18.4232,70.11,80,0,16.11,clear sky
15,Necochea,AR,-38.5473,-58.7368,69.04,46,3,11.16,clear sky
16,Margate,GB,51.3813,1.3862,44.31,68,100,5.99,overcast clouds
17,Lokomotivnyy,RU,53.0118,60.5684,18.9,96,100,8.5,overcast clouds
18,Sabang,ID,5.8933,95.3214,82.47,72,19,16.82,few clouds
19,Springdale,US,36.1867,-94.1288,33.75,40,0,12.66,clear sky
20,Kapaa,US,22.0752,-159.319,76.19,81,100,4.61,overcast clouds
21,Ponta Do Sol,PT,32.6667,-17.1,63.23,53,34,4.23,scattered clouds
22,Lebu,CL,-37.6167,-73.65,67.86,60,31,12.28,scattered clouds
23,Fort Frances,CA,48.5999,-93.4003,-6.95,66,100,4.61,overcast clouds
24,Progreso,MX,21.2833,-89.6667,87.91,73,90,11.21,overcast clouds
25,Uporovo,RU,56.3109,66.2693,-4.54,100,97,2.84,overcast clouds
26,Mecca,SA,21.4267,39.8261,74.68,39,0,1.95,clear sky
27,Castro,BR,-24.7911,-50.0119,80.06,44,17,1.99,few clouds
28,Santa Cruz,BO,-17.8,-63.1667,84.25,54,75,18.41,broken clouds
29,Upernavik,GL,72.7868,-56.1549,-3.98,98,100,15.19,overcast clouds
30,Kahului,US,20.8947,-156.47,76.84,70,20,8.01,few clouds
31,Tamandare,BR,-8.7597,-35.1047,84.33,64,38,12.01,scattered clouds
32,Qaanaaq,GL,77.484,-69.3632,-20.29,47,0,8.5,clear sky
33,Bor,RU,56.3567,44.0669,26.53,96,69,7.16,broken clouds
34,Port-Gentil,GA,-0.7193,8.7815,80.58,84,79,8.59,light rain
35,Hermanus,ZA,-34.4187,19.2345,68.81,86,100,8.14,overcast clouds
36,Pevek,RU,69.7008,170.3133,-23.31,98,100,9.42,overcast clouds
37,Santiago Del Estero,AR,-27.7951,-64.2615,82.26,33,66,12.5,broken clouds
38,Tuatapere,NZ,-46.1333,167.6833,50.83,79,100,7.29,overcast clouds
39,Busselton,AU,-33.65,115.3333,56.08,74,0,12.41,clear sky
40,Hualmay,PE,-11.0964,-77.6139,75.88,68,42,11.34,scattered clouds
41,Bethel,US,41.3712,-73.414,57.69,47,0,12.66,clear sky
42,Ahipara,NZ,-35.1667,173.1667,66.47,87,100,26.28,overcast clouds
43,Luderitz,NA,-26.6481,15.1594,73.58,70,3,7.18,clear sky
44,Albany,US,42.6001,-73.9662,50.95,57,59,8.99,broken clouds
45,Rocha,UY,-34.4833,-54.3333,67.08,96,100,14.9,overcast clouds
46,Bathsheba,BB,13.2167,-59.5167,83.01,57,20,21.85,few clouds
47,Sao Filipe,CV,14.8961,-24.4956,79.41,44,54,20.58,broken clouds
48,Dikson,RU,73.5069,80.5464,-2.11,77,100,27.42,overcast clouds
49,Kavieng,PG,-2.5744,150.7967,80.47,78,100,3.89,overcast clouds
50,Meulaboh,ID,4.1363,96.1285,77.45,85,94,3.58,overcast clouds
51,Yellowknife,CA,62.456,-114.3525,-13.72,80,20,3.44,few clouds
52,Codrington,AU,-38.2667,141.9667,67.78,52,100,10.51,overcast clouds
53,Arraial Do Cabo,BR,-22.9661,-42.0278,80.46,69,75,8.05,mist
54,Lima,PE,-12.0432,-77.0282,80.91,59,0,8.05,clear sky
55,Jalu,LY,29.0331,21.5482,57.36,40,0,6.8,clear sky
56,Kande,TG,9.9578,1.0447,84.43,11,66,2.84,broken clouds
57,Rio Grande,BR,-32.035,-52.0986,78.91,79,100,8.12,overcast clouds
58,Mumford,GH,5.2618,-0.759,80.64,84,46,10.0,scattered clouds
59,Chama,CH,47.1821,8.4636,37.26,80,100,0.0,overcast clouds
60,Sechura,PE,-5.5569,-80.8222,82.42,54,100,15.48,overcast clouds
61,Salalah,OM,17.0151,54.0924,75.29,64,75,6.91,broken clouds
62,Saldanha,ZA,-33.0117,17.9442,66.81,84,100,13.96,overcast clouds
63,Sampit,ID,-2.5333,112.95,72.82,94,98,1.52,overcast clouds
64,Vaini,TO,-21.2,-175.2,80.76,89,20,4.61,few clouds
65,Cedar City,US,37.6775,-113.0619,50.4,29,0,3.44,clear sky
66,Lasa,IT,46.6166,10.7002,31.46,53,11,1.61,few clouds
67,Ushuaia,AR,-54.8,-68.3,47.86,53,40,37.98,scattered clouds
68,Khatanga,RU,71.9667,102.5,-17.68,89,29,5.61,scattered clouds
69,Skierniewice,PL,51.9548,20.1584,34.68,69,31,8.34,scattered clouds
70,Hobart,AU,-42.8794,147.3294,57.25,75,100,6.91,overcast clouds
71,La Rioja,ES,42.25,-2.5,49.05,92,100,3.71,overcast clouds
72,Bereda,ES,43.2686,-7.5406,46.15,91,80,1.61,broken clouds
73,Mahebourg,MU,-20.4081,57.7,80.89,83,40,6.91,scattered clouds
74,Salekhard,RU,66.53,66.6019,-18.83,99,100,6.2,overcast clouds
75,Rorvik,NO,64.8621,11.2373,34.34,77,100,13.27,light snow
76,Alice Springs,AU,-23.7,133.8833,60.35,77,0,5.75,clear sky
77,Dourbali,TD,11.8091,15.8632,78.87,12,48,8.48,scattered clouds
78,Punta Arenas,CL,-53.15,-70.9167,57.31,44,40,35.68,scattered clouds
79,Senneterre,CA,48.3835,-77.2328,-9.18,80,100,10.31,overcast clouds
80,Pangnirtung,CA,66.1451,-65.7125,-2.2,78,100,5.75,light snow
81,Lagoa,PT,39.05,-27.9833,60.17,88,100,22.66,overcast clouds
82,Smithers,CA,54.7804,-127.1743,28.72,74,75,6.91,broken clouds
83,Bluff,NZ,-46.6,168.3333,50.81,68,100,13.96,overcast clouds
84,Solnechnyy,RU,50.7214,136.6319,10.09,93,100,7.14,light snow
85,Klaksvik,FO,62.2266,-6.589,40.12,88,100,9.86,overcast clouds
86,Hithadhoo,MV,-0.6,73.0833,81.5,68,100,9.35,overcast clouds
87,Thompson,CA,55.7435,-97.8558,-3.33,77,26,8.16,scattered clouds
88,Longyearbyen,SJ,78.2186,15.6401,8.44,78,0,12.66,clear sky
89,Caborca,MX,30.5838,-111.101,76.71,13,0,13.15,clear sky
90,Bonthe,SL,7.5264,-12.505,79.95,76,12,11.07,few clouds
91,Kumluca,TR,36.3703,30.2869,51.67,75,23,2.84,few clouds
92,Trat,TH,12.5,102.5,82.98,93,69,1.81,broken clouds
93,Rawson,AR,-43.3002,-65.1023,80.26,25,100,7.07,overcast clouds
94,Tsivilsk,RU,55.8611,47.4664,27.61,97,91,7.14,overcast clouds
95,Imbituba,BR,-28.24,-48.6703,83.82,63,0,14.88,clear sky
96,Atuona,PF,-9.8,-139.0333,77.67,77,6,13.58,light rain
97,Avera,US,33.194,-82.5271,69.71,35,100,5.37,overcast clouds
98,Nicolas Bravo,MX,18.45,-88.9167,79.68,84,36,4.47,scattered clouds
99,Broome,US,42.2506,-75.833,43.21,61,75,14.97,broken clouds
100,Mackenzie,CA,55.2999,-123.1698,34.02,51,20,10.36,few clouds
101,Chokurdakh,RU,70.6333,147.9167,-2.45,95,100,13.69,overcast clouds
102,Shasta Lake,US,40.6804,-122.3708,72.81,28,0,3.09,clear sky
103,Padang,ID,-0.9492,100.3543,76.86,82,96,3.67,overcast clouds
104,Ayan,RU,56.45,138.1667,-5.73,80,69,6.73,broken clouds
105,Sistranda,NO,63.7256,8.834,35.91,74,100,15.66,overcast clouds
106,Te Anau,NZ,-45.4167,167.7167,46.09,88,89,4.16,overcast clouds
107,Slobidka,UA,47.8869,29.3461,33.53,72,87,5.37,overcast clouds
108,Georgetown,MY,5.4112,100.3354,82.33,72,20,3.44,few clouds
109,Luncavita,RO,45.2833,28.2667,32.31,58,15,6.96,few clouds
110,Avarua,CK,-21.2078,-159.775,80.65,78,100,3.44,overcast clouds
111,Kruisfontein,ZA,-34.0033,24.7314,71.38,94,87,5.17,overcast clouds
112,Sahy,SK,48.0741,18.9495,37.9,71,4,4.83,clear sky
113,Hokitika,NZ,-42.7167,170.9667,50.36,86,100,9.89,overcast clouds
114,Catumbela,AO,-12.4314,13.5472,77.11,73,90,2.91,overcast clouds
115,Ketchikan,US,55.3422,-131.6461,40.98,87,100,8.05,overcast clouds
116,Tuktoyaktuk,CA,69.4541,-133.0374,-27.4,68,20,9.22,few clouds
117,Xinzhi,CN,36.4989,111.7047,35.98,64,29,4.99,scattered clouds
118,Lata,PT,40.1629,-8.3327,55.72,92,93,3.04,overcast clouds
119,Rikitea,PF,-23.1203,-134.9692,79.02,70,3,17.0,light rain
120,Buraydah,SA,26.326,43.975,50.45,35,0,9.95,clear sky
121,Asyut,EG,27.181,31.1837,60.08,30,0,6.33,clear sky
122,Aykhal,RU,66.0,111.5,-7.22,100,100,3.96,overcast clouds
123,Bengkulu,ID,-3.8004,102.2655,75.92,84,79,4.29,broken clouds
124,La Paz,BO,-16.5,-68.15,53.58,76,75,9.22,broken clouds
125,Ribeira Grande,PT,38.5167,-28.7,63.0,77,40,20.71,scattered clouds
126,Port Alfred,ZA,-33.5906,26.891,75.87,91,1,13.15,clear sky
127,Kargat,RU,55.1956,80.2811,-3.82,96,9,8.46,clear sky
128,Ilulissat,GL,69.2167,-51.1,24.82,86,75,23.02,light shower snow
129,Willmar,US,45.1219,-95.0433,2.88,65,100,3.44,overcast clouds
130,Malakal,SS,9.5334,31.6605,80.35,26,13,4.52,few clouds
131,Fairbanks,US,64.8378,-147.7164,-3.77,74,40,3.44,scattered clouds
132,Ouadda,CF,8.0777,22.4007,76.06,23,22,6.42,few clouds
133,Egvekinot,RU,66.3167,-179.1667,-20.52,88,20,8.21,few clouds
134,Derzhavinsk,KZ,51.1,66.3167,23.86,95,100,15.28,light snow
135,Olafsvik,IS,64.8945,-23.7142,26.69,71,41,19.6,scattered clouds
136,Gusinoye Ozero,RU,51.1144,106.2614,-18.78,99,86,2.17,overcast clouds
137,Bredasdorp,ZA,-34.5322,20.0403,68.29,76,100,5.37,overcast clouds
138,Sorong,ID,-0.8833,131.25,79.77,81,100,7.27,overcast clouds
139,Moose Factory,CA,51.2585,-80.6094,-5.8,54,0,11.5,clear sky
140,Aklavik,CA,68.2191,-135.0107,-17.57,68,75,3.44,broken clouds
141,Maridi,SS,4.9158,29.4742,79.57,25,0,5.77,clear sky
142,Zhigansk,RU,66.7697,123.3711,-33.65,100,83,3.96,broken clouds
143,Port Lincoln,AU,-34.7333,135.8667,68.95,58,99,8.08,overcast clouds
144,San Felipe,VE,10.3399,-68.7425,82.27,61,89,9.73,overcast clouds
145,Flinders,AU,-34.5833,150.8552,64.2,93,85,4.0,overcast clouds
146,Tiznit,MA,29.5833,-9.5,58.82,53,0,2.82,clear sky
147,Tiksi,RU,71.6872,128.8694,-8.57,90,88,16.67,overcast clouds
148,Nsoko,SZ,-27.0333,31.95,70.66,82,0,2.73,clear sky
149,Broken Hill,AU,-31.95,141.4333,73.9,27,0,6.62,clear sky
150,Ostrovnoy,RU,68.0531,39.5131,11.75,94,60,8.52,broken clouds
151,East London,ZA,-33.0153,27.9116,77.43,86,0,12.86,clear sky
152,Thinadhoo,MV,0.5333,72.9333,81.48,70,100,6.73,overcast clouds
153,Savannah Bight,HN,16.45,-85.85,84.25,76,0,16.62,clear sky
154,Caravelas,BR,-17.7125,-39.2481,82.81,68,99,7.54,overcast clouds
155,Coos Bay,US,43.3665,-124.2179,63.14,72,0,4.61,clear sky
156,Barrow,US,71.2906,-156.7887,-32.78,100,100,6.91,overcast clouds
157,Coihaique,CL,-45.5752,-72.0662,84.81,36,0,4.61,clear sky
158,Husavik,IS,66.0449,-17.3389,24.71,87,92,7.31,overcast clouds
159,Rybnaya Sloboda,RU,55.4613,50.1409,28.38,97,100,10.87,light snow
160,Atocha,BO,-20.9333,-66.2333,60.66,40,100,7.9,overcast clouds
161,Megion,RU,61.0296,76.1136,-4.99,98,10,12.01,clear sky
162,Yekaterinoslavka,RU,50.3734,129.1139,0.21,97,100,8.34,overcast clouds
163,Nuuk,GL,64.1835,-51.7216,16.41,86,100,11.5,light snow
164,Ola,RU,59.5833,151.2833,-11.02,82,81,6.89,broken clouds
165,Buala,SB,-8.145,159.5921,78.17,81,100,2.35,overcast clouds
166,Ferndale,US,42.4606,-83.1347,24.87,59,40,11.5,scattered clouds
167,Tasiilaq,GL,65.6145,-37.6368,10.56,65,100,3.67,overcast clouds
168,Gat,IL,31.61,34.7642,54.39,100,0,5.41,clear sky
169,Indiana,US,40.0003,-86.2503,26.37,74,100,8.05,overcast clouds
170,Kontagora,NG,10.3999,5.4695,84.13,11,4,4.94,clear sky
171,Yanji,CN,42.9075,129.5078,12.6,67,80,4.34,broken clouds
172,Fengcheng,CN,40.4536,124.0717,25.0,55,100,5.91,overcast clouds
173,Hamilton,US,39.1834,-84.5333,31.98,78,100,12.66,overcast clouds
174,Carnarvon,AU,-24.8667,113.6333,82.47,61,100,8.05,overcast clouds
175,Hasaki,JP,35.7333,140.8333,27.0,61,90,6.33,overcast clouds
176,Vardo,NO,70.3705,31.1107,25.74,71,15,13.0,few clouds
177,Warrnambool,AU,-38.3833,142.4833,64.81,52,100,15.23,overcast clouds
178,Port Hardy,CA,50.6996,-127.4199,43.75,100,75,3.44,broken clouds
179,Lavrentiya,RU,65.5833,-171.0,-17.99,94,10,7.16,clear sky
180,Nadapuram,IN,11.7,75.6667,74.17,87,1,2.86,clear sky
181,Muros,ES,42.7762,-9.0603,53.24,84,20,4.68,few clouds
182,Baglung,NP,28.2719,83.5898,47.3,62,0,4.88,clear sky
183,Mount Isa,AU,-20.7333,139.5,73.17,100,4,1.14,clear sky
184,Axim,GH,4.8699,-2.2405,80.06,82,88,8.3,overcast clouds
185,Saskylakh,RU,71.9167,114.0833,0.48,75,44,12.06,scattered clouds
186,Alofi,NU,-19.0595,-169.9187,82.29,78,86,10.36,overcast clouds
187,Itarema,BR,-2.9248,-39.9167,84.02,65,99,12.48,overcast clouds
188,Araouane,ML,18.9048,-3.5265,67.91,14,0,9.26,clear sky
189,Okhotsk,RU,59.3833,143.3,-13.99,81,9,9.46,clear sky
190,Plettenberg Bay,ZA,-34.0527,23.3716,68.72,93,81,3.49,broken clouds
191,Beloha,MG,-25.1667,45.05,75.34,82,13,19.08,few clouds
192,Port Elizabeth,ZA,-33.918,25.5701,73.69,94,100,5.75,overcast clouds
193,Natchez,US,31.5604,-91.4032,65.25,44,0,20.71,clear sky
194,San Patricio,US,28.017,-97.5169,69.75,70,100,24.61,overcast clouds
195,Ponta Delgada,PT,37.7333,-25.6667,63.5,82,75,18.41,broken clouds
196,Fortuna,US,40.5982,-124.1573,69.93,58,0,1.99,clear sky
197,Ust-Tsilma,RU,65.441,52.1498,13.75,95,93,6.38,overcast clouds
198,Sibu,MY,2.3,111.8167,75.51,100,40,2.3,scattered clouds
199,Dwarka,IN,22.2394,68.9678,70.36,52,0,10.47,clear sky
200,Norman Wells,CA,65.282,-126.8329,-18.36,76,75,4.61,broken clouds
201,Pozo Colorado,PY,-23.4923,-58.7972,100.54,24,75,4.7,broken clouds
202,Iqaluit,CA,63.7506,-68.5145,-22.27,57,40,0.0,scattered clouds
203,Quimper,FR,48.0,-4.1,48.88,76,100,6.91,overcast clouds
204,Gillette,US,44.2911,-105.5022,38.25,45,100,19.57,overcast clouds
205,Hofn,IS,64.2539,-15.2082,24.69,69,100,21.61,overcast clouds
206,Poum,NC,-20.2333,164.0167,80.71,75,100,2.98,overcast clouds
207,Harlingen,US,26.1906,-97.6961,78.75,79,0,18.41,clear sky
208,Severomuysk,RU,56.1481,113.4267,-30.46,94,22,1.66,few clouds
209,Bambous Virieux,MU,-20.3428,57.7575,80.85,83,40,6.91,moderate rain
210,Chuy,UY,-33.6971,-53.4616,72.25,87,100,9.19,overcast clouds
211,Sungairaya,ID,0.7,108.9,75.97,90,100,2.44,overcast clouds
212,Puerto Penasco,MX,31.3167,-113.5333,82.38,11,0,12.66,clear sky
213,Christchurch,NZ,-43.5333,172.6333,50.95,90,75,11.5,light rain
214,Mamlyutka,KZ,54.9375,68.5394,-4.0,100,88,2.51,overcast clouds
215,Charters Towers,AU,-20.1,146.2667,71.02,85,0,9.78,clear sky
216,Copacabana,CO,6.3463,-75.5089,86.34,32,40,6.91,scattered clouds
217,Mareeba,AU,-17.0,145.4333,72.32,94,59,2.48,broken clouds
218,Mumbwa,ZM,-14.9783,27.0619,63.07,88,36,3.71,scattered clouds
219,Baykit,RU,61.67,96.37,-14.69,100,30,2.51,scattered clouds
220,Panzhihua,CN,26.5851,101.7128,46.96,63,0,3.62,clear sky
221,Cherskiy,RU,68.75,161.3,-21.23,98,100,10.2,overcast clouds
222,Namibe,AO,-15.1961,12.1522,76.23,80,83,7.78,broken clouds
223,Dinga,PK,32.6398,73.722,53.67,58,0,3.8,clear sky
224,Biak,ID,-0.9131,122.8766,74.71,90,100,2.51,overcast clouds
225,Gamba,GA,-2.65,10.0,78.62,87,100,5.82,overcast clouds
226,Tanah Merah,MY,5.8,102.15,75.02,96,86,1.43,overcast clouds
227,San Isidro,PE,-12.1167,-77.05,76.59,65,0,8.05,clear sky
228,Tilichiki,RU,60.4667,166.1,-21.68,92,12,8.99,few clouds
229,College,US,64.8569,-147.8028,-5.42,76,75,3.44,broken clouds
230,Asekeyevo,RU,53.5742,52.7972,19.15,97,100,3.83,overcast clouds
231,Brigantine,US,39.4101,-74.3646,62.87,64,16,11.97,few clouds
232,Srednekolymsk,RU,67.45,153.6833,-31.97,98,95,7.25,overcast clouds
233,Doha,QA,25.2867,51.5333,66.18,70,40,17.27,scattered clouds
234,Sioux Lookout,CA,50.1001,-91.917,-9.02,59,75,5.75,broken clouds
235,Aleksandrovskoye,RU,44.7142,43.0008,32.14,66,100,5.88,overcast clouds
236,Mizdah,LY,31.4451,12.9801,54.32,46,1,3.2,clear sky
237,Adrar,MR,20.5022,-10.0711,69.48,18,2,10.07,clear sky
238,Aginskoye,RU,51.1,114.53,-16.56,99,96,4.03,overcast clouds
239,Bambanglipuro,ID,-7.95,110.2833,64.6,89,98,4.12,heavy intensity rain
240,New Norfolk,AU,-42.7826,147.0587,56.7,67,100,3.2,overcast clouds
241,Natal,BR,-5.795,-35.2094,86.65,74,75,14.97,broken clouds
242,Lensk,RU,60.7253,114.9278,-26.05,100,72,1.25,broken clouds
243,Mount Gambier,AU,-37.8333,140.7667,64.42,50,100,7.34,overcast clouds
244,Gotsu,JP,35.0,132.2167,43.52,73,100,6.78,light rain
245,Saint-Philippe,RE,-21.3585,55.7679,78.35,85,19,10.4,few clouds
246,Provideniya,RU,64.3833,-173.3,-11.45,82,11,5.99,few clouds
247,Anadyr,RU,64.75,177.4833,-26.9,68,0,11.18,clear sky
248,Butaritari,KI,3.0707,172.7902,82.74,69,99,15.97,overcast clouds
249,Amzya,RU,56.2354,54.3868,25.16,96,100,7.25,overcast clouds
250,Marzuq,YE,14.4,46.4667,64.38,70,8,4.72,clear sky
251,Coevorden,NL,52.661,6.7405,39.81,78,70,14.25,broken clouds
252,Andra,RU,62.5147,65.8878,4.41,95,100,9.64,light snow
253,Mezen,RU,65.8522,44.24,13.06,95,96,6.93,overcast clouds
254,Airai,TL,-8.9266,125.4092,58.84,93,71,2.42,broken clouds
255,Mastic Beach,US,40.7668,-72.8521,60.51,59,0,14.0,clear sky
256,Road Town,VG,18.4167,-64.6167,78.89,83,75,19.57,broken clouds
257,Evensk,RU,61.95,159.2333,-12.33,74,19,6.93,few clouds
258,Katsuura,JP,35.1333,140.3,39.31,58,39,4.18,scattered clouds
259,Anamur,TR,36.0751,32.8369,48.22,54,96,6.06,overcast clouds
260,Havelock,US,34.8791,-76.9013,71.56,58,100,5.01,overcast clouds
261,Soria,ES,41.6667,-2.6667,47.86,79,94,4.5,overcast clouds
262,Sur,OM,22.5667,59.5289,69.67,62,0,10.02,clear sky
263,Kaitangata,NZ,-46.2817,169.8464,50.94,77,100,9.13,overcast clouds
264,Zabid,YE,14.1951,43.3152,76.48,69,28,3.09,scattered clouds
265,Port Shepstone,ZA,-30.7414,30.455,76.55,88,100,17.81,overcast clouds
266,Pisco,PE,-13.7,-76.2167,76.01,60,0,11.5,clear sky
267,Ust-Maya,RU,60.4167,134.5333,-34.67,100,100,0.81,overcast clouds
268,Tymovskoye,RU,50.8456,142.655,2.55,99,100,0.74,overcast clouds
269,Brae,GB,60.3964,-1.353,46.31,88,86,24.02,overcast clouds
270,Paamiut,GL,61.994,-49.6678,20.68,94,100,14.09,light snow
271,Narsaq,GL,60.9167,-46.05,30.42,98,100,2.1,snow
272,Chapais,CA,49.7834,-74.8492,-9.62,82,100,11.99,overcast clouds
273,Bahadurgarh,IN,28.6833,76.9167,57.31,47,0,1.48,clear sky
274,Mayo,US,38.8876,-76.5119,61.95,48,0,10.36,clear sky
275,Alta Floresta,BR,-9.8756,-56.0861,80.42,78,75,2.3,broken clouds
276,Abu Kamal,SY,34.4506,40.9171,54.18,42,0,8.66,clear sky
277,Upata,VE,8.0086,-62.3989,82.18,46,95,9.44,overcast clouds
278,Arman,RU,59.7,150.1667,-8.1,81,100,7.47,overcast clouds
279,Rio Gallegos,AR,-51.6226,-69.2181,69.85,21,40,33.38,scattered clouds
280,Benidorm,ES,38.5382,-0.131,55.89,80,3,5.14,clear sky
281,Severo-Kurilsk,RU,50.6789,156.125,17.78,77,31,1.99,scattered clouds
282,Ahuimanu,US,21.4447,-157.8378,77.45,73,40,11.5,scattered clouds
283,Mugango,TZ,-1.6833,33.7,70.11,76,100,5.39,light rain
284,Nome,US,64.5011,-165.4064,1.47,55,100,0.0,overcast clouds
285,Inyonga,TZ,-6.7167,32.0667,64.89,93,100,1.63,light rain
286,Floro,NO,61.5996,5.0328,42.76,93,100,23.02,light rain
287,Mogadishu,SO,2.0371,45.3438,77.34,80,100,19.57,overcast clouds
288,Ternate,ID,0.8,127.4,80.31,78,100,5.28,overcast clouds
289,Kadaura,IN,25.9833,79.85,55.47,41,0,4.36,clear sky
290,Mattawa,US,46.7379,-119.9028,49.01,33,5,8.99,clear sky
291,Cabo San Lucas,MX,22.8909,-109.9124,83.61,35,20,8.05,few clouds
292,Ilhabela,BR,-23.7781,-45.3581,77.22,81,70,6.13,broken clouds
293,Neokhorion,GR,41.1833,23.25,53.73,75,100,2.44,overcast clouds
294,Sakaiminato,JP,35.55,133.2333,33.78,93,75,3.44,broken clouds
295,Kodiak,US,57.79,-152.4072,38.71,65,0,11.5,clear sky
296,Zvishavane,ZW,-20.3267,30.0665,68.61,47,4,4.0,clear sky
297,Grand Gaube,MU,-20.0064,57.6608,81.0,84,8,3.0,clear sky
298,Constitucion,CL,-35.3333,-72.4167,71.87,53,1,5.73,clear sky
299,Ligatne,LV,57.2343,25.0406,33.26,82,95,7.0,overcast clouds
300,Ust-Nera,RU,64.5667,143.2,-35.39,99,60,2.57,broken clouds
301,Kodinsk,RU,58.6881,99.1844,-20.54,100,20,1.81,few clouds
302,Sarkand,KZ,45.41,79.9186,18.52,87,99,4.38,overcast clouds
303,Kununurra,AU,-15.7667,128.7333,78.78,94,42,0.0,scattered clouds
304,Caceres,ES,39.522,-6.3748,52.81,83,100,5.41,overcast clouds
305,Noumea,NC,-22.2763,166.4572,80.01,99,98,2.44,overcast clouds
306,Saint Anthony,US,45.0205,-93.218,4.78,63,100,6.91,overcast clouds
307,Dudinka,RU,69.4058,86.1778,-4.52,81,13,15.66,few clouds
308,Bilma,NE,18.6853,12.9164,67.41,15,0,7.65,clear sky
309,Monticello,US,45.3055,-93.7941,3.85,66,100,5.75,overcast clouds
310,Daru,PG,-9.0763,143.2092,78.85,76,0,8.95,clear sky
311,Nauta,PE,-4.5061,-73.5757,88.77,60,78,0.78,moderate rain
312,Kloulklubed,PW,7.0419,134.2556,81.1,76,36,23.17,scattered clouds
313,Samarai,PG,-10.6167,150.6667,80.46,69,97,9.08,overcast clouds
314,Naron,ES,43.5167,-8.1528,52.02,84,13,3.65,few clouds
315,Yar-Sale,RU,66.8333,70.8333,-8.1,91,100,14.85,overcast clouds
316,Dongkan,CN,33.9997,119.8308,41.27,77,100,4.59,overcast clouds
317,Kavaratti,IN,10.5669,72.642,80.64,71,5,8.43,clear sky
318,Vuktyl,RU,63.8567,57.3094,6.94,93,100,8.9,overcast clouds
319,Cabedelo,BR,-6.9811,-34.8339,86.67,68,77,9.64,broken clouds
320,Nanortalik,GL,60.1432,-45.2371,30.4,97,100,6.31,light snow
321,Muravlenko,RU,63.7898,74.523,-8.63,96,44,13.04,scattered clouds
322,Akdepe,TM,42.0551,59.3788,39.29,70,12,6.76,few clouds
323,West Plains,US,36.7281,-91.8524,33.48,44,0,10.36,clear sky
324,Alugan,PH,12.2188,125.4808,77.76,86,97,13.82,overcast clouds
325,Santa Isabel,BR,-23.3156,-46.2214,80.31,77,45,8.25,scattered clouds
326,Vestmannaeyjar,IS,63.4427,-20.2734,28.09,78,25,4.05,scattered clouds
327,Dori,BF,14.0354,-0.0345,80.82,9,0,5.59,clear sky
328,Vanavara,RU,60.34,102.2797,-13.25,100,100,2.39,overcast clouds
329,Nizhniy Odes,RU,63.6445,54.856,10.27,95,99,7.63,overcast clouds
330,Inhambane,MZ,-23.865,35.3833,78.78,78,20,3.44,few clouds
331,Hay River,CA,60.8156,-115.7999,-14.82,76,75,10.36,broken clouds
332,Leningradskiy,RU,69.3833,178.4167,-19.64,97,98,4.43,overcast clouds
333,Livingstonia,MW,-10.606,34.1063,63.5,90,100,2.42,light rain
334,Vao,NC,-22.6667,167.4833,79.83,82,100,5.44,overcast clouds
335,Staryy Nadym,RU,65.6118,72.6842,-9.0,95,7,15.48,clear sky
336,Biryusinsk,RU,55.9634,97.8235,-13.58,98,6,5.35,clear sky
337,Ossora,RU,59.2353,163.0719,-16.28,90,4,5.48,clear sky
338,Souillac,MU,-20.5167,57.5167,80.98,83,40,6.91,light rain
339,Tezu,IN,27.9167,96.1667,52.81,65,1,4.29,clear sky
340,Tougan,BF,13.0667,-3.0667,80.91,9,2,8.55,clear sky
341,Roma,US,43.2128,-75.4557,38.39,67,100,23.02,overcast clouds
342,Inuvik,CA,68.3499,-133.7218,-17.54,72,75,6.91,broken clouds
343,Poronaysk,RU,49.2167,143.1167,18.75,96,100,9.73,snow
344,South Shields,GB,54.9986,-1.4323,48.25,85,0,9.22,clear sky
345,Nenjiang,CN,49.1833,125.2167,-12.37,100,96,3.18,overcast clouds
346,Prachuap Khiri Khan,TH,12.2167,99.75,70.2,92,15,2.64,few clouds
347,Seoul,KR,37.5683,126.9778,29.59,68,100,2.3,overcast clouds
348,Acarau,BR,-2.8856,-40.12,84.25,65,99,13.65,overcast clouds
349,Tocopilla,CL,-22.092,-70.1979,74.5,65,20,11.83,few clouds
350,Rabaul,PG,-4.1967,152.1721,78.4,83,100,7.38,overcast clouds
351,Sanchez,DO,19.2281,-69.6137,78.82,78,75,13.8,broken clouds
352,Sitka,US,57.0531,-135.33,42.69,81,100,13.8,overcast clouds
353,Fereydunshahr,IR,32.941,50.121,21.94,98,94,3.11,overcast clouds
354,Laguna,US,38.421,-121.4238,78.62,53,0,1.01,clear sky
355,Daura,NG,11.5538,11.4085,74.89,15,100,10.67,overcast clouds
356,Guerrero Negro,MX,27.9769,-114.0611,73.0,31,100,2.64,overcast clouds
357,Rengo,CL,-34.4167,-70.8667,93.52,12,3,10.09,clear sky
358,Faanui,PF,-16.4833,-151.75,80.69,74,100,15.35,overcast clouds
359,Diego De Almagro,CL,-26.3667,-70.05,82.33,21,0,16.75,clear sky
360,Atbasar,KZ,51.8,68.3333,12.47,97,99,7.34,overcast clouds
361,Colac,AU,-38.3333,143.5833,68.07,81,97,5.01,overcast clouds
362,Sao Francisco,BR,-15.9486,-44.8644,73.69,88,100,1.97,overcast clouds
363,Talnakh,RU,69.4865,88.3972,-8.34,79,12,9.62,few clouds
364,Cruzeiro Do Sul,BR,-29.5128,-51.9853,90.97,75,97,8.77,overcast clouds
365,Sambava,MG,-14.2667,50.1667,77.92,83,94,8.61,light rain
366,Dunedin,NZ,-45.8742,170.5036,50.81,77,100,8.99,overcast clouds
367,Aksu,CN,41.1231,80.2644,30.29,44,57,3.13,broken clouds
368,Ancud,CL,-41.8697,-73.8203,79.23,61,84,5.23,broken clouds
369,Cockburn Town,TC,21.4612,-71.1419,80.56,54,40,19.57,scattered clouds
370,Argir,FO,61.9959,-6.7715,38.37,90,99,6.89,overcast clouds
371,Waipawa,NZ,-41.4122,175.5153,54.45,96,100,17.49,light rain
372,Omboue,GA,-1.5746,9.2618,79.52,87,100,6.69,light rain
373,Uray,RU,60.1247,64.7758,-1.39,100,94,4.79,overcast clouds
374,Isangel,VU,-19.55,169.2667,77.11,94,75,0.0,broken clouds
375,Bubaque,GW,11.2833,-15.8333,80.65,58,0,12.86,clear sky
376,Dahra,DZ,36.2546,0.8519,51.19,90,7,4.23,clear sky
377,Namatanai,PG,-3.6667,152.4333,77.83,84,100,3.47,moderate rain
378,Khowst,AF,33.3833,69.8833,46.67,36,0,3.24,clear sky
379,Faya,SA,18.3851,42.4509,57.72,69,1,6.13,clear sky
380,Cape Canaveral,US,28.4058,-80.6048,84.27,66,0,6.91,clear sky
381,Beian,NO,63.6559,9.5683,36.01,87,75,19.57,broken clouds
382,Kousseri,CM,12.0769,15.0306,78.76,13,13,6.91,few clouds
383,Ca Mau,VN,9.1769,105.15,77.14,84,100,8.12,overcast clouds
384,Santa Rosa,PH,14.3122,121.1114,79.11,80,98,8.1,overcast clouds
385,Slave Lake,CA,55.2834,-114.769,26.58,59,0,8.05,clear sky
386,Shingu,JP,33.7333,135.9833,42.91,62,100,5.06,overcast clouds
387,Mountain Home,US,43.133,-115.6912,38.41,100,20,13.8,few clouds
388,Dilla,ET,6.41,38.31,68.74,40,75,3.56,broken clouds
389,Rapid City,US,44.0805,-103.231,42.42,45,40,10.36,scattered clouds
390,Asau,RO,46.4333,26.4,31.75,92,94,1.92,overcast clouds
391,Dryden,CA,49.7833,-92.7503,-9.11,54,100,6.91,overcast clouds
392,Umm Lajj,SA,25.0213,37.2685,69.76,25,0,24.74,clear sky
393,Petropavlovsk-Kamchatskiy,RU,53.0452,158.6483,-5.21,77,75,4.47,broken clouds
394,Marfino,RU,55.7028,37.3822,26.85,63,0,13.42,light snow
395,Concordia,AR,-31.393,-58.0209,73.47,73,75,21.0,broken clouds
396,Severo-Yeniseyskiy,RU,60.3725,93.0408,-17.5,99,21,3.69,few clouds
397,Sahaswan,IN,28.0833,78.75,53.04,55,0,3.65,clear sky
398,Altay,CN,47.8667,88.1167,9.52,73,100,5.55,overcast clouds
399,Kimbe,PG,-5.5502,150.1429,74.77,92,100,2.84,overcast clouds
400,Northam,GB,51.0333,-4.2167,49.42,96,100,20.85,overcast clouds
401,Limeira,BR,-22.5647,-47.4017,88.86,67,46,3.06,scattered clouds
402,Itarsi,IN,22.6167,77.75,59.22,30,0,5.1,clear sky
403,Stykkisholmur,IS,65.0757,-22.7297,18.81,81,29,8.37,scattered clouds
404,Myitkyina,MM,25.3833,97.4,52.95,92,3,2.91,clear sky
405,Harda,IN,22.3333,77.1,61.34,24,0,5.97,clear sky
406,Cowra,AU,-33.8333,148.6833,58.73,80,0,4.54,clear sky
407,Beringovskiy,RU,63.05,179.3167,-25.98,95,11,7.65,few clouds
408,Kapoeta,SS,4.7717,33.5903,89.19,22,28,6.76,scattered clouds
409,Camacupa,AO,-12.0167,17.4833,68.38,73,100,3.83,overcast clouds
410,Aktash,RU,50.3,87.7333,-23.26,77,1,4.9,clear sky
411,Znamenskoye,RU,57.1281,73.8282,-1.77,93,91,8.23,overcast clouds
412,Homer,US,59.6425,-151.5483,36.77,93,100,3.44,light snow
413,Merauke,ID,-8.4667,140.3333,76.8,84,0,10.18,clear sky
414,Matay,EG,28.419,30.7792,60.17,32,0,6.08,clear sky
415,Chukhloma,RU,58.7525,42.6825,15.76,95,100,7.34,overcast clouds
416,Bidor,MY,4.1139,101.2884,76.98,92,87,2.73,overcast clouds
417,Moron,AR,-34.6534,-58.6198,74.01,60,10,8.39,clear sky
418,Adre,TD,13.4667,22.2,72.99,11,100,10.65,overcast clouds
419,Comodoro Rivadavia,AR,-45.8667,-67.5,85.86,23,0,11.5,clear sky
420,Palmer,US,42.1584,-72.3287,57.67,39,75,19.57,broken clouds
421,Kawalu,ID,-7.3817,108.2082,73.11,92,100,2.08,overcast clouds
422,Yulara,AU,-25.2406,130.9889,69.64,43,0,6.91,clear sky
423,Bataipora,BR,-22.2953,-53.2711,93.45,28,5,7.23,clear sky
424,Udomlya,RU,57.8794,34.9925,26.96,91,98,12.57,overcast clouds
425,Saquarema,BR,-22.92,-42.5103,80.64,81,35,8.63,moderate rain
426,Puerto Narino,CO,-3.7703,-70.3831,78.75,65,86,2.35,overcast clouds
427,Grindavik,IS,63.8424,-22.4338,25.27,63,0,12.66,clear sky
428,Pljevlja,ME,43.3333,19.3333,27.05,98,100,1.54,overcast clouds
429,Nouadhibou,MR,20.931,-17.0347,73.38,43,76,13.8,broken clouds
430,Kourou,GF,5.1552,-52.6478,80.65,85,54,9.55,broken clouds
431,Port Macquarie,AU,-31.4333,152.9167,62.89,68,100,7.74,overcast clouds
432,Lorengau,PG,-2.0226,147.2712,80.58,76,100,3.51,overcast clouds
433,Swan River,CA,52.1058,-101.2676,-5.91,65,32,4.61,scattered clouds
434,Makakilo City,US,21.3469,-158.0858,76.28,69,0,6.91,clear sky
435,Bardiyah,LY,31.7561,25.0865,56.14,65,0,7.72,clear sky
436,Popesti,RO,47.2333,22.4167,31.59,68,0,4.43,clear sky
437,Mocuba,MZ,-16.8392,36.9856,72.48,96,99,3.2,overcast clouds
438,Fontenay-Le-Comte,FR,46.5833,-1.0,41.07,72,81,3.53,broken clouds
439,Killybegs,IE,54.6333,-8.45,46.45,82,100,20.6,overcast clouds
440,Vila Franca Do Campo,PT,37.7167,-25.4333,63.19,77,100,10.94,overcast clouds
441,Sainte-Thecle,CA,46.8168,-72.4991,26.64,89,100,15.86,light snow
442,Sooke,CA,48.3746,-123.7276,50.58,64,3,13.8,clear sky
443,Almaznyy,RU,48.0448,40.045,35.74,96,100,16.89,light rain
444,San Cristobal,VE,7.7669,-72.225,77.18,38,99,6.33,overcast clouds
445,Cayenne,GF,4.9333,-52.3333,80.64,87,75,10.36,broken clouds
446,San Vicente,AR,-26.6167,-54.1333,89.42,32,56,5.28,broken clouds
447,Kaeo,NZ,-35.1,173.7833,67.01,85,100,21.18,overcast clouds
448,Nabire,ID,-3.3667,135.4833,74.97,92,96,3.15,overcast clouds
449,Chabahar,IR,25.2919,60.643,70.83,64,0,10.71,clear sky
450,Del Rio,US,29.3627,-100.8968,64.51,22,0,20.71,clear sky
451,Komsomolskiy,UZ,40.4272,71.7189,40.42,87,100,2.3,fog
452,Seymchan,RU,62.8833,152.4333,-43.89,100,77,0.63,broken clouds
453,Panjab,AF,34.388,67.0233,10.22,81,41,3.56,scattered clouds
454,Henties Bay,NA,-22.116,14.2845,71.85,80,77,6.2,light rain
455,Geraldton,AU,-28.7667,114.6,70.21,73,3,17.27,clear sky
456,Acapulco,MX,16.8634,-99.8901,85.82,58,75,6.91,broken clouds
457,Desaguadero,PE,-16.5656,-69.0417,56.17,51,100,11.99,overcast clouds
458,Hailar,CN,49.2,119.7,-26.9,100,100,3.47,overcast clouds
459,Siocon,PH,7.7061,122.1353,77.2,87,100,4.09,overcast clouds
460,Bose,IT,45.4612,8.0137,42.66,70,99,3.09,overcast clouds
461,Kudat,MY,6.8837,116.8477,75.13,94,20,2.3,few clouds
462,Clyde River,CA,70.4692,-68.5914,-16.37,69,100,28.77,snow
463,Lloro,CO,5.4961,-76.5495,85.95,82,53,3.4,broken clouds
464,Dumas,US,35.8656,-101.9732,38.1,55,0,10.36,clear sky
465,Aldan,RU,58.6031,125.3894,-28.77,98,96,3.53,overcast clouds
466,Moranbah,AU,-22.0016,148.0466,69.89,83,1,9.48,clear sky
467,Corvallis,US,44.5646,-123.262,60.46,57,0,8.01,clear sky
468,Belaya Gora,RU,68.5333,146.4167,-23.44,91,100,6.08,overcast clouds
469,Kikwit,CD,-5.041,18.8162,71.74,90,83,2.19,broken clouds
470,Ergani,TR,38.2653,39.7621,36.32,60,6,6.46,clear sky
471,Ucluelet,CA,48.9329,-125.5528,46.71,49,0,0.65,clear sky
472,Andenes,NO,69.3143,16.1194,26.58,74,15,17.27,few clouds
473,Khash,IR,28.2211,61.2158,52.03,35,0,1.32,clear sky
474,Bintulu,MY,3.1667,113.0333,73.81,100,40,4.61,moderate rain
475,Shimoda,JP,34.6667,138.95,41.11,64,92,2.04,overcast clouds
476,Yerbogachen,RU,61.2767,108.0108,-18.13,100,97,1.68,overcast clouds
477,Palenque,MX,17.5167,-91.9667,82.56,69,40,5.75,scattered clouds
478,Kostomuksha,RU,64.571,30.5767,2.89,100,93,3.94,overcast clouds
479,Brentwood,US,40.7812,-73.2462,59.83,44,0,18.41,clear sky
480,Krasnoselkup,RU,65.7,82.4667,-6.47,91,6,12.17,clear sky
481,Mabaruma,GY,8.2,-59.7833,81.09,60,100,7.38,overcast clouds
482,Terekli-Mekteb,RU,44.1671,45.8698,42.44,67,10,2.64,clear sky
483,Hambantota,LK,6.1241,81.1185,76.44,85,100,9.86,overcast clouds
484,Mahibadhoo,MV,3.7833,72.9667,81.09,73,100,2.95,overcast clouds
485,Sao Joao Da Barra,BR,-21.6403,-41.0511,78.89,80,87,5.44,overcast clouds
486,Nha Trang,VN,12.25,109.1833,77.0,90,84,5.64,broken clouds
487,Kabelvag,NO,68.2114,14.4817,26.53,90,99,10.78,light snow
488,Morganton,US,35.7454,-81.6848,70.23,33,40,7.0,scattered clouds
489,Dombarovskiy,RU,50.7587,59.5386,27.0,91,100,25.32,overcast clouds
490,Novomalorossiyskaya,RU,45.6348,39.8948,42.39,85,100,17.78,moderate rain
491,Luz,BR,-19.8014,-45.6856,72.07,85,96,7.96,overcast clouds
492,Jacqueville,CI,5.2052,-4.4146,82.31,82,18,9.46,few clouds
493,Abu Dhabi,AE,24.4667,54.3667,71.71,67,0,3.44,clear sky
494,Ixtapa,MX,20.7,-105.2,76.23,65,0,11.5,clear sky
495,Groningen,NL,53.25,6.75,40.01,69,100,12.66,overcast clouds
496,Matara,LK,5.9485,80.5353,75.33,91,100,4.18,overcast clouds
497,Vanderhoof,CA,54.0166,-124.0198,34.65,81,100,0.83,overcast clouds
498,Shestakovo,RU,56.4915,103.96,-25.38,100,76,0.98,broken clouds
499,Bama,NG,11.5221,13.6856,73.92,21,26,11.21,scattered clouds
500,Salinas,US,36.6777,-121.6555,77.0,41,0,17.27,clear sky
501,Kalianget,ID,-7.05,113.9333,76.35,89,100,6.17,light rain
502,Saint-Pierre,RE,-21.3393,55.4781,78.44,78,20,4.61,few clouds
503,Kattivakkam,IN,13.2167,80.3167,80.08,77,6,9.31,clear sky
504,Sumbe,AO,-11.2061,13.8437,77.4,78,48,6.8,scattered clouds
505,Kaka,TM,37.3482,59.6143,43.57,83,100,4.03,overcast clouds
506,Tevaitoa,PF,-16.7833,-151.5,81.14,74,100,15.14,overcast clouds
507,Kiunga,PG,-6.1219,141.2906,72.37,92,97,1.14,overcast clouds
508,Primorsk,UA,46.7348,36.3443,36.91,69,100,22.88,overcast clouds
509,Mandalgovi,MN,45.7625,106.2708,-7.22,78,13,6.22,few clouds
510,Aleksandrov Gay,RU,50.147,48.5704,22.68,97,100,1.14,overcast clouds
511,Two Hills,CA,53.7169,-111.7518,25.68,79,94,3.44,overcast clouds
512,Fairmont,US,39.4851,-80.1426,46.27,59,89,1.99,overcast clouds
513,Saint-Vallier,FR,46.6411,4.3711,36.18,76,100,1.7,overcast clouds
514,Coahuayana,MX,18.7333,-103.6833,85.48,29,18,6.64,few clouds
515,Kropotkin,RU,45.4375,40.5756,43.09,77,100,18.99,moderate rain
516,Kanniyakumari,IN,8.0833,77.5667,78.62,75,100,13.58,overcast clouds
517,Umtata,ZA,-31.5889,28.7844,71.22,90,1,3.56,clear sky
518,Storslett,NO,69.7678,21.0247,15.08,83,28,11.48,scattered clouds
519,Pingzhuang,CN,42.0372,119.2889,10.65,70,21,3.67,few clouds
520,Sola,VU,-13.8833,167.55,80.13,72,97,4.92,overcast clouds
521,Ambon,ID,-3.6954,128.1814,75.34,94,40,2.3,light rain
522,Varhaug,NO,58.6147,5.6457,42.89,94,100,26.26,light rain
523,Fort Nelson,CA,58.8053,-122.7002,11.79,79,75,2.3,broken clouds
524,Lianran,CN,24.9227,102.485,45.14,58,0,1.12,clear sky
525,Wajid,SO,3.8093,43.2471,80.82,27,99,11.43,overcast clouds
526,Manavalakurichi,IN,8.1333,77.3,78.89,81,100,3.69,overcast clouds
527,Tarakan,ID,3.3,117.6333,79.11,79,100,4.79,light rain
528,Wanning,CN,18.8003,110.3967,65.59,80,100,5.14,overcast clouds
529,Kasongo-Lunda,CD,-6.4667,16.8167,70.27,98,99,3.36,moderate rain
530,Urumqi,CN,43.801,87.6005,9.55,92,75,2.24,mist
531,Togur,RU,58.3631,82.8265,-4.18,98,13,7.45,few clouds
532,Redlands,US,34.0556,-117.1825,84.4,15,0,3.0,clear sky
533,Bontang,ID,0.1333,117.5,78.03,83,100,5.82,overcast clouds
534,Plastun,RU,44.7561,136.2939,10.9,75,78,12.68,broken clouds
535,Nemuro,JP,43.3236,145.575,21.81,80,59,3.27,broken clouds
536,Loukhi,RU,66.0764,33.0381,9.19,89,56,6.62,broken clouds
537,Skala Fourkas,GR,39.9998,23.3841,54.45,77,100,13.06,overcast clouds
538,Burgersdorp,ZA,-30.9977,26.3286,78.12,27,68,4.52,broken clouds
539,Sibiti,CG,-3.6819,13.3499,71.29,93,93,2.68,light rain
540,Los Llanos De Aridane,ES,28.6585,-17.9182,62.35,82,40,14.97,scattered clouds
541,Bridgewater,CA,44.3835,-64.5155,54.66,80,40,25.32,scattered clouds
542,Oktyabrskiy,RU,54.4815,53.471,25.25,93,100,7.85,overcast clouds
543,Bahia Honda,CU,22.9036,-83.1592,81.7,65,43,9.98,scattered clouds
544,Chittaurgarh,IN,24.8833,74.6333,58.12,34,0,1.77,clear sky
545,Osorno,CL,-40.5667,-73.15,80.91,39,0,13.8,clear sky
546,Honningsvag,NO,70.9821,25.9704,24.33,61,100,22.75,light snow
547,Anshun,CN,26.25,105.9333,35.85,87,100,10.29,overcast clouds
548,Paungde,MM,18.4833,95.5,63.54,53,15,6.67,few clouds
549,Mae Hong Son,TH,19.3003,97.9685,59.5,44,85,1.59,overcast clouds
550,Ardesen,TR,41.1911,40.9875,42.76,63,8,6.44,clear sky
551,Baherden,TM,38.4362,57.4316,43.9,78,6,4.94,clear sky
552,Iralaya,HN,15.0,-83.2333,84.29,69,35,12.41,scattered clouds
553,Gazojak,TM,41.1875,61.4036,38.3,56,6,4.07,clear sky
554,Nanakuli,US,21.3906,-158.1547,77.7,69,0,6.91,clear sky
555,Pandhana,IN,21.7,76.2167,66.45,22,0,5.08,clear sky
556,Tarnogskiy Gorodok,RU,60.4997,43.5761,14.88,95,96,6.04,overcast clouds
557,Goure,NE,13.9835,10.2704,74.01,10,7,9.33,clear sky
558,Amuntai,ID,-2.4177,115.2494,73.58,92,100,0.36,overcast clouds
559,Maloy,NO,61.9353,5.1136,42.53,92,100,7.0,moderate rain
560,Eureka,US,40.8021,-124.1637,67.19,65,0,3.0,clear sky
561,Berezovka,BY,53.7214,25.4993,30.06,69,98,9.57,overcast clouds
562,Sol-Iletsk,RU,51.1631,54.9918,14.38,99,46,5.5,scattered clouds
563,Torbay,CA,47.6666,-52.7314,45.75,80,100,14.97,overcast clouds
564,Pailon,BO,-17.65,-62.75,85.68,89,96,12.55,light rain
565,San Luis,AR,-33.295,-66.3356,73.22,25,0,12.91,clear sky
566,Solec Kujawski,PL,53.0837,18.2257,32.68,61,0,4.61,clear sky
567,Acari,PE,-15.4311,-74.6158,82.17,55,26,12.03,scattered clouds
568,Ndola,ZM,-12.9587,28.6366,61.5,91,83,4.65,broken clouds
569,Lawton,US,34.6087,-98.3903,42.82,29,0,13.8,clear sky
570,Guarapari,BR,-20.6667,-40.4975,76.89,95,100,3.67,overcast clouds
571,Shieli,KZ,44.1667,66.75,33.31,84,100,6.35,overcast clouds
572,Havre-Saint-Pierre,CA,50.2334,-63.5986,34.39,93,100,12.66,overcast clouds
573,Requena,ES,39.4883,-1.1004,49.14,72,98,2.53,overcast clouds
574,Bolotnoye,RU,55.6717,84.3981,-16.69,100,74,5.26,broken clouds
575,Mongo,TD,12.1844,18.693,80.85,12,6,5.75,clear sky
576,Maldonado,UY,-34.6667,-54.9167,63.79,91,100,18.88,overcast clouds
577,Adolfo Lopez Mateos,MX,28.4667,-107.3,58.93,16,0,12.3,clear sky
578,Eirunepe,BR,-6.6603,-69.8736,86.49,63,76,4.76,broken clouds
579,Lazaro Cardenas,MX,17.9583,-102.2,87.6,34,100,6.33,overcast clouds
580,Raffadali,IT,37.4036,13.5331,48.96,82,99,4.43,overcast clouds
581,Sao Sebastiao,BR,-23.76,-45.4097,77.2,83,59,4.7,broken clouds
582,Union De Reyes,CU,22.7953,-81.5375,80.78,50,91,5.88,overcast clouds
583,Igrim,RU,63.1906,64.4162,5.49,95,100,6.76,overcast clouds
584,Tharad,IN,24.3961,71.6267,62.78,25,0,5.08,clear sky
585,Port Augusta,AU,-32.5,137.7667,60.94,22,99,3.38,overcast clouds
586,Okmulgee,US,35.6234,-95.9605,38.12,20,0,9.22,clear sky
587,Helong,CN,42.5397,128.9972,13.91,77,96,2.51,overcast clouds
588,Troitskoye,RU,52.9821,84.6757,-4.2,98,8,5.01,clear sky
589,Saint-Leu,RE,-21.15,55.2833,77.83,76,5,3.47,clear sky
590,Nganjuk,ID,-7.6051,111.9035,74.52,94,100,1.19,moderate rain
591,Wufeng,CN,27.45,104.8333,28.06,98,100,2.28,snow
592,Iranshahr,IR,27.2025,60.6848,61.14,31,0,0.0,clear sky
593,Zarubino,RU,42.63,131.0922,19.36,45,100,5.82,overcast clouds
594,Penalva,BR,-3.2942,-45.1736,84.36,70,49,4.34,scattered clouds
595,Las Vegas,US,36.175,-115.1372,69.6,17,0,10.36,clear sky
596,Roebourne,AU,-20.7833,117.1333,85.96,66,100,1.48,overcast clouds
597,Ligayan,PH,4.6533,119.4706,81.27,72,100,4.61,overcast clouds
598,Amapa,BR,1.0,-52.0,81.45,76,93,4.25,overcast clouds
599,Garowe,SO,8.4054,48.4845,68.86,65,69,11.12,broken clouds
600,Barcelona,ES,41.3888,2.159,54.79,81,75,3.44,broken clouds
601,Kisangani,CD,0.5167,25.2,78.1,60,100,0.38,overcast clouds
602,Tabou,CI,4.423,-7.3528,78.58,85,5,6.35,clear sky
603,Florianopolis,BR,-27.6146,-48.5012,82.62,64,40,13.8,scattered clouds
604,Novikovo,RU,51.1537,37.8879,21.96,91,40,9.08,scattered clouds
605,Troitsko-Pechorsk,RU,62.7084,56.1964,10.65,96,100,6.15,overcast clouds
606,Bonavista,CA,48.6499,-53.1147,41.11,80,100,25.26,overcast clouds
607,Havoysund,NO,70.9963,24.6622,27.48,57,100,21.36,light snow
608,Pontes E Lacerda,BR,-15.2261,-59.3353,79.93,91,92,3.65,overcast clouds
609,Tazovskiy,RU,67.4667,78.7,-7.38,92,6,14.83,clear sky
610,Honiara,SB,-9.4333,159.95,76.98,88,94,2.17,overcast clouds
611,Poya,NC,-21.35,165.15,78.71,84,100,1.61,overcast clouds
612,Sanchor,IN,24.7553,71.7722,60.98,28,0,3.91,clear sky
613,Muroto,JP,33.2833,134.15,51.6,62,100,14.2,overcast clouds
614,Udachnyy,RU,66.4167,112.4,-15.5,100,96,2.93,overcast clouds
615,Sao Miguel,BR,-5.4667,-35.3667,86.77,71,22,10.89,few clouds
616,Iquique,CL,-20.2208,-70.1431,75.24,63,2,10.94,clear sky
617,Metro,ID,-5.1131,105.3067,74.37,88,100,2.66,overcast clouds
618,Venkatagiri,IN,13.9667,79.5833,69.64,87,9,3.02,clear sky
619,Novouzensk,RU,50.4592,48.1431,23.92,96,100,2.46,overcast clouds
620,Palmas Bellas,PA,9.2319,-80.0867,91.31,62,16,11.7,few clouds
621,Conguaco,GT,14.0442,-90.0311,81.93,34,2,11.21,clear sky
622,Mutare,ZW,-18.9707,32.6709,61.84,87,5,3.36,clear sky
623,Ugoofaaru,MV,5.6667,73.0,80.74,75,100,4.16,overcast clouds
624,Kashi,CN,39.4547,75.9797,38.41,30,93,4.47,overcast clouds
625,Aripuana,BR,-9.1667,-60.6333,79.47,82,80,0.34,broken clouds
626,Touros,BR,-5.1989,-35.4608,86.9,72,33,9.98,scattered clouds
627,Bethanien,NA,-26.502,17.1583,69.39,73,100,10.51,light rain
628,Erie,US,42.7667,-78.6664,28.26,70,100,5.99,overcast clouds
629,Savelugu,GH,9.6244,-0.8253,88.68,19,45,2.3,scattered clouds
630,Dimitrovgrad,RU,54.2139,49.6184,28.45,97,100,7.07,light snow
631,Matagami,CA,49.7502,-77.6328,-12.89,64,0,12.66,clear sky
632,Russell,US,32.3502,-85.1999,69.91,46,0,0.0,clear sky
633,Kuruman,ZA,-27.4524,23.4325,73.99,31,13,9.78,few clouds
634,Madang,PG,-5.2246,145.7966,74.64,92,79,4.97,broken clouds
635,Vila Velha,BR,-20.3297,-40.2925,76.95,90,40,8.05,light rain
636,Shelburne,CA,44.0787,-80.2041,17.76,74,100,11.25,overcast clouds
637,Katherine,AU,-14.4667,132.2667,77.32,88,1,4.61,clear sky
638,Oistins,BB,13.0667,-59.5333,82.49,57,20,21.85,few clouds
639,Qasigiannguit,GL,68.8193,-51.1922,25.05,90,100,9.44,overcast clouds
640,Nara,JP,34.6851,135.8049,42.98,58,80,3.58,broken clouds
641,Siuna,NI,13.7332,-84.7773,86.85,48,48,8.9,scattered clouds
642,Tumpat,MY,6.1978,102.171,75.18,94,40,0.0,scattered clouds
643,Manggar,ID,-2.8833,108.2667,78.6,86,100,6.44,overcast clouds
644,Okakarara,NA,-20.5833,17.4333,73.76,60,100,3.62,light rain
645,Cocorit,MX,27.5833,-109.9667,75.54,14,100,6.31,overcast clouds
646,Saint-Medard-En-Jalles,FR,44.8969,-0.7214,46.62,70,0,6.91,clear sky
647,Brodokalmak,RU,55.5748,62.082,9.5,98,100,3.22,overcast clouds
648,Kungurtug,RU,50.5994,97.5228,-25.46,98,27,1.68,scattered clouds
649,Ekhabi,RU,53.5102,142.9671,5.68,94,94,7.43,overcast clouds
650,Port Moresby,PG,-9.4431,147.1797,71.02,94,20,3.44,few clouds
651,Juneau,US,58.3019,-134.4197,41.0,95,75,14.97,light snow
652,Hanzhong,CN,33.0728,107.0303,38.62,71,7,1.86,clear sky
653,Brokopondo,SR,4.75,-55.1667,78.76,88,90,8.01,overcast clouds
654,Maniitsoq,GL,65.4167,-52.9,11.95,76,100,12.8,overcast clouds
655,Teya,RU,60.3778,92.6267,-16.92,100,40,2.1,scattered clouds
656,Oranjemund,NA,-28.55,16.4333,68.72,76,2,9.01,clear sky
657,Atambua,ID,-9.1061,124.8925,72.55,91,92,4.05,overcast clouds
658,Buin,CL,-33.7333,-70.75,92.05,17,39,14.38,scattered clouds
659,Beroroha,MG,-21.6667,45.1667,81.39,59,51,4.65,broken clouds
660,Burnie,AU,-41.0667,145.9167,60.94,79,100,11.45,overcast clouds
661,Oyem,GA,1.5995,11.5793,77.4,56,99,4.52,overcast clouds
662,Alyangula,AU,-13.8483,136.4192,75.07,100,58,4.61,broken clouds
663,Diamantino,BR,-14.4086,-56.4461,80.64,84,97,1.74,overcast clouds
664,Mariahu,IN,25.6167,82.6167,51.37,54,0,4.47,clear sky
665,Gizo,SB,-8.103,156.8419,80.82,73,95,3.2,overcast clouds
666,Akureyri,IS,65.6835,-18.0878,24.73,54,100,0.0,overcast clouds
667,Loubomo,CG,-4.1997,12.6739,73.99,89,100,4.63,light rain
668,Oparino,RU,59.8518,48.2783,19.2,95,95,6.62,overcast clouds
669,Muzhi,RU,65.3667,64.6667,4.53,95,100,10.04,overcast clouds
670,Buk,PL,52.3553,16.5196,36.75,67,84,8.88,broken clouds
671,Potosi,BO,-19.5836,-65.7531,50.11,71,95,7.96,overcast clouds
672,Valmiera,LV,57.5411,25.4275,34.16,81,100,15.03,overcast clouds
673,Bozoum,CF,6.3193,16.3799,74.46,20,5,3.38,clear sky
674,Camacha,PT,33.0833,-16.3333,60.22,77,75,13.8,broken clouds
675,Verkh-Chebula,RU,56.0308,87.6218,-1.48,88,3,10.47,clear sky
676,Karangampel,ID,-6.4622,108.4519,77.61,88,100,7.02,light rain
677,Niamey,NE,13.5137,2.1098,86.29,8,6,2.3,dust
